category,prompt,joke
generated,Intern trapped in swivel chair,Promotion now feels safely out of reach.
generated,Lifeguard rescued by pool noodle,Beach safety has entered its freelance era.
generated,Procrastination hiding behind calendar,Tomorrow remains the department's busiest employee.
generated,Umbrella applying for indoor shelter,Even weather experts need a personal day.
generated,Bride chasing runaway wedding cake,Dessert has developed serious commitment issues.
generated,Magician fooled by empty hat,Professional mystery comes with excellent job security.
generated,Awkward silence taking center stage,Nobody booked it yet everyone attended.
generated,Staircase afraid of heights,Building codes rarely cover emotional support.
generated,Barber receiving terrible haircut,Industry loyalty has one unfortunate blind spot.
generated,Crossing guard stopped by duck parade,Local traffic now answers to feathers.
generated,Deadline sneaking through office window,Management found a more personal delivery method.
generated,Candle wearing night vision goggles,Preparedness shines brightest when completely unnecessary.
generated,Chef losing fight with spaghetti,Dinner service has become unexpectedly hands-on.
generated,Referee begging players for timeout,Authority needs five minutes near the juice cooler.
generated,Confidence arriving on training wheels,Bold entrances sometimes need a gentle push.
generated,Doorbell hiding from visitors,Customer service is currently pretending nobody is home.
generated,Tourist wrestling folding map,Local geography has chosen direct combat.
generated,Plumber asking leaky faucet for help,Expertise always knows when to delegate downward.
generated,Privacy curtain craving attention,Boundaries are apparently having a very public phase.
generated,Trophy jealous of participation ribbon,Victory can be remarkably insecure around satin.
generated,Waiter balancing one enormous pea,Fine dining has finally achieved portion honesty.
generated,Babysitter supervised by suspicious toddler,References will be checked after bedtime.
generated,Peer pressure wearing matching outfits,Individuality called and got sent to voicemail.
generated,Lighthouse searching for lost flashlight,Maritime resources are being allocated with impressive confusion.
generated,Mail carrier chased by mailbox,Delivery has become aggressively customer focused.
generated,Mechanic jump-started by tiny robot,Technical support has never looked so smug.
generated,Small talk lifting heavy weights,Conversation trained all year for this awkward moment.
generated,Shadow refusing to follow dancer,Creative differences have reached ground level.
generated,Janitor cornered by dust bunny,Facilities management underestimated the local wildlife.
generated,Fortune teller surprised by birthday cake,Predictive accuracy drops sharply around frosting.
generated,Reputation wearing fake mustache,Public opinion has entered witness protection.
generated,Escalator training for mountain climbing,Ambition begins with several thousand identical steps.
generated,Gardener ambushed by garden hose,The watering schedule has become deeply personal.
generated,Coach benched by mascot,Team spirit just made an executive decision.
generated,Second thoughts blocking wedding aisle,Timing remains their least attractive quality.
generated,Mirror practicing its poker face,Reflection shows no signs of cracking.
generated,Firefighter roasting one stubborn marshmallow,Emergency training finally meets its smallest opponent.
generated,Security guard searched by metal detector,Workplace trust has hit an electronic low.
generated,Monday dragging weekend away,The calendar enforces a strict custody arrangement.
generated,Suitcase taking owner on vacation,Baggage has assumed full control of the itinerary.
generated,Musician tangled in triangle instrument,This solo contains more geometry than expected.
generated,Judge pleading with parking meter,Justice accepts coins but offers no appeals.
generated,Luck waiting outside casino,Management reserves the right to refuse good fortune.
generated,Ceiling fan trying to fly,Home appliances continue to misread their qualifications.
generated,Hiker intimidated by tiny hill,The summit team requests additional snacks.
generated,Librarian shushed by squeaky book cart,Workplace discipline has developed a wheel problem.
generated,Personal space squeezed into elevator,Boundaries chose the worst possible commute.
generated,Snowman seeking shade under lamp,Seasonal planning has suffered a warm setback.
generated,Baker hiding burnt loaf,Culinary evidence disappears best under more flour.
generated,Doctor losing patience with thermometer,Bedside manner has reached a critical temperature.
generated,Pride stuck in revolving door,Dignity keeps making the same grand entrance.
generated,Alarm clock oversleeping beside owner,Morning operations failed at every level.
generated,Photographer photobombed by statue,Stone confidence requires absolutely no good side.
generated,Pilot asking paper airplane directions,Aviation has embraced a cheaper consulting model.
generated,Guilt following picnic with raincloud,Emotional weather remains inconveniently localized.
generated,Ice cube warming hands by freezer,Comfort is relative in the frozen department.
generated,Painter trapped in wet corner,Artistic vision forgot to include an exit.
generated,Principal sent to hallway by student,School policy has achieved perfect balance.
generated,Suspicion inspecting innocent sandwich,Lunch has retained counsel and refuses comment.
generated,Mannequin blushing at mismatched socks,Retail confidence unravels from the ankles upward.
generated,Camper losing tent to wind,Outdoor lodging now includes unexpected air travel.
generated,Wedding planner tackled by bouquet,Romance has selected its next victim.
generated,Ambition riding office chair uphill,Career growth lacks the promised lumbar support.
generated,Pothole wearing traffic cone crown,Road damage has declared itself municipal royalty.
generated,Cashier buried under reusable bags,Sustainability arrived with considerable emotional baggage.
generated,Dentist examined by nervous toothbrush,Preventive care is conducting a surprise audit.
generated,Etiquette slipping on banana peel,Good manners rarely survive physical comedy.
generated,Fireplace huddling beside space heater,Traditional heating has requested modern backup.
generated,Reporter chased by rolling microphone,The interview insists on getting both sides.
generated,Tailor measured by impatient mannequin,Fashion deadlines have become eerily hands-on.
generated,Denial wearing obvious disguise,Nobody recognizes those glasses especially not reality.
generated,Elevator waiting for human button,Vertical travel has entered a tense negotiation.
generated,Clown stuck in serious meeting,Quarterly results leave little room for honking.
generated,Personal trainer lifted by beginner,Fitness goals have exceeded the chain of command.
generated,Curiosity opening tiny forbidden door,Restraint was unavailable for this inspection.
generated,Raincoat melting in drizzle,Product testing has produced a damp apology.
generated,Receptionist avoiding ringing desk phone,Availability is currently away from the desk.
generated,Detective questioned by suspicious magnifying glass,The investigation has enlarged its personnel problem.
generated,Nostalgia chasing an ice cream truck,Childhood memories still demand exact change.
generated,Bridge refusing to cross river,Infrastructure has developed firm personal boundaries.
generated,Actor upstaged by curtain,Fabric rarely gets this much critical attention.
generated,Farmer losing job interview to scarecrow,Field experience was apparently not enough.
generated,Patience tapping giant wristwatch,Waiting has become strangely pressed for time.
generated,Vacuum hiding crumbs under rug,Household accountability has reached a dusty compromise.
generated,Ice skater chased by loose skate,Winter sports now include equipment disputes.
generated,Astronaut locked out of cardboard rocket,Space access has adopted surprisingly strict standards.
generated,Responsibility hiding under teenager's bed,Adulthood begins with a thorough room search.
generated,Traffic light wearing sleeping mask,Rush hour will proceed on pure intuition.
generated,Conductor missing runaway train,Punctuality has officially left without supervision.
generated,Barber pole grabbing barber's scissors,Management has very strong opinions about sideburns.
generated,Embarrassment arriving in spotlight,Subtlety was denied entry at the door.
generated,Picnic table fleeing hungry family,Outdoor dining has exercised its right to leave.
generated,Wallet demanding allowance from owner,Personal finance has reversed the usual power structure.
generated,Mountain using tiny step stool,Natural grandeur appreciates a practical boost.
generated,Crayon erasing its own masterpiece,Creative control has taken a destructive turn.
generated,Castle protected by porch umbrella,Defense spending favored charm over structural coverage.
generated,Oven wearing mitts near cupcake,Kitchen safety has become wonderfully overcautious.
generated,Compass asking lost hiker directions,Navigation is experiencing an awkward confidence outage.
generated,Pedestal posing on confused statue,Public art has reconsidered the chain of command.
generated,Sommelier sprayed by fizzy grape juice,The tasting notes include panic and ceiling.
